{
  "libs/mapsjs-mapevents-dbg.js": 1626253106703,
  "i18n/i18n.properties": 1626253106699,
  "controller/App.controller.js": 1626760825220,
  "model/test.js": 1626253106703,
  "model/models.js": 1626253106703,
  "model/formatter.js": 1626253106703,
  "libs/mapsjs-ui.js": 1626253106703,
  "libs/mapsjs-service.js": 1626253106703,
  "libs/mapsjs-mapevents.js": 1626253106703,
  "libs/mapsjs-core.js": 1626253106703,
  "controller/Worklist.controller.js": 1626760896257,
  "controller/Object.controller.js": 1626760935285,
  "controller/NotFound.controller.js": 1626760872017,
  "controller/ErrorHandler.js": 1626760861788,
  "controller/BaseController.js": 1626946512191,
  "manifest.json": 1631189647999,
  "Component.js": 1626946384950,
  "manifest-bundle.zip": 1631189642533,
  "Component-preload.js": 1631189645922,
  "libs/mapsjs-core-dbg.js": 1626253106703,
  "model/models-dbg.js": 1626253106703,
  "model/formatter-dbg.js": 1626253106703,
  "libs/mapsjs-ui-dbg.js": 1626253106703,
  "libs/mapsjs-service-dbg.js": 1626253106703,
  "i18n/i18n_ar.properties": 1626253106699,
  "model/test-dbg.js": 1626253106703,
  "controller/Worklist-dbg.controller.js": 1626760896257,
  "controller/Object-dbg.controller.js": 1626760935285,
  "controller/NotFound-dbg.controller.js": 1626760872017,
  "controller/ErrorHandler-dbg.js": 1626760861788,
  "controller/BaseController-dbg.js": 1626946512191,
  "controller/App-dbg.controller.js": 1626760825220,
  "Component-dbg.js": 1626946384950,
  "resources.json": 1631189648002,
  "view/Worklist.view.xml": 1626946585275,
  "view/ObjectNotFound.view.xml": 1626946575091,
  "view/Object.view.xml": 1626946569159,
  "view/NotFound.view.xml": 1626946550147,
  "view/App.view.xml": 1626946544003,
  "dialog/Images.fragment.xml": 1626253106699,
  "dialog/HEREMaps.fragment.html": 1626253106699,
  "css/style.css": 1626253106699,
  "css/mapsjs-ui.css": 1626253106699,
  "test.html": 1626253106703
}