{
  "view/NotFound.view.xml": 1626762324665,
  "i18n/i18n.properties": 1626253106743,
  "controller/Worklist.controller.js": 1626762278061,
  "model/models.js": 1626253106747,
  "model/formatter.js": 1626763010073,
  "manifest.json": 1627898238148,
  "controller/NotFound.controller.js": 1626762298549,
  "controller/ErrorHandler.js": 1626762288709,
  "controller/BaseController.js": 1626762254896,
  "controller/App.controller.js": 1626762191876,
  "Component.js": 1626974399415,
  "manifest-bundle.zip": 1627898237752,
  "Component-preload.js": 1627898238054,
  "model/models-dbg.js": 1626253106747,
  "model/formatter-dbg.js": 1626763010073,
  "controller/Worklist-dbg.controller.js": 1626762278061,
  "controller/NotFound-dbg.controller.js": 1626762298549,
  "controller/ErrorHandler-dbg.js": 1626762288709,
  "controller/BaseController-dbg.js": 1626762254896,
  "controller/App-dbg.controller.js": 1626762191876,
  "Component-dbg.js": 1626974399415,
  "resources.json": 1627898238152,
  "view/Worklist.view.xml": 1626762347329,
  "view/ObjectNotFound.view.xml": 1626762334097,
  "i18n/i18n_ar.properties": 1626253106747,
  "view/App.view.xml": 1626762314649,
  "dialog/Images.fragment.xml": 1626253106743,
  "test.html": 1626253106747
}