{
  "controller/ErrorHandler-dbg.js": 1626761029449,
  "i18n/i18n.properties": 1626253106731,
  "controller/BaseController.js": 1626761007465,
  "model/models.js": 1626253106735,
  "model/formatter.js": 1626763266010,
  "libs/mapsjs-ui.js": 1626253106735,
  "libs/mapsjs-service.js": 1626253106735,
  "libs/mapsjs-mapevents.js": 1626253106735,
  "libs/mapsjs-core.js": 1626253106735,
  "controller/Worklist.controller.js": 1626761048386,
  "controller/Object.controller.js": 1626761092138,
  "controller/NotFound.controller.js": 1626761018349,
  "controller/ErrorHandler.js": 1626761029449,
  "manifest.json": 1626955547392,
  "controller/App.controller.js": 1626760995365,
  "Component.js": 1626954225677,
  "manifest-bundle.zip": 1626955541875,
  "Component-preload.js": 1626955545516,
  "model/formatter-dbg.js": 1626763266010,
  "model/models-dbg.js": 1626253106735,
  "libs/mapsjs-ui-dbg.js": 1626253106735,
  "libs/mapsjs-service-dbg.js": 1626253106735,
  "libs/mapsjs-mapevents-dbg.js": 1626253106735,
  "libs/mapsjs-core-dbg.js": 1626253106735,
  "controller/Worklist-dbg.controller.js": 1626761048386,
  "controller/Object-dbg.controller.js": 1626761092138,
  "controller/NotFound-dbg.controller.js": 1626761018349,
  "i18n/i18n_ar.properties": 1626253106731,
  "controller/BaseController-dbg.js": 1626761007465,
  "controller/App-dbg.controller.js": 1626760995365,
  "Component-dbg.js": 1626954225677,
  "resources.json": 1626955547395,
  "view/Worklist.view.xml": 1626761158486,
  "view/ObjectNotFound.view.xml": 1626761144978,
  "view/Object.view.xml": 1626761126850,
  "view/NotFound.view.xml": 1626761120270,
  "view/App.view.xml": 1626761112546,
  "dialog/HEREMaps.fragment.html": 1626253106731,
  "css/style.css": 1626253106731,
  "css/mapsjs-ui.css": 1626253106731,
  "test.html": 1626253106735
}