{
  "view/Object.view.xml": 1626761297439,
  "i18n/i18n_ar.properties": 1626253106739,
  "model/models.js": 1626253106739,
  "manifest.json": 1631189651319,
  "model/formatter.js": 1626253106739,
  "controller/Worklist.controller.js": 1626761245163,
  "controller/Object.controller.js": 1626761239707,
  "controller/NotFound.controller.js": 1626761230183,
  "controller/ErrorHandler.js": 1626761223442,
  "controller/BaseController.js": 1626761205682,
  "controller/App.controller.js": 1626761183758,
  "Component.js": 1626974399403,
  "manifest-bundle.zip": 1631189650976,
  "Component-preload.js": 1631189651238,
  "controller/Worklist-dbg.controller.js": 1626761245163,
  "model/formatter-dbg.js": 1626253106739,
  "model/models-dbg.js": 1626253106739,
  "controller/Object-dbg.controller.js": 1626761239707,
  "controller/NotFound-dbg.controller.js": 1626761230183,
  "controller/ErrorHandler-dbg.js": 1626761223442,
  "controller/BaseController-dbg.js": 1626761205682,
  "controller/App-dbg.controller.js": 1626761183758,
  "Component-dbg.js": 1626974399403,
  "resources.json": 1631189651323,
  "view/Worklist.view.xml": 1626761313363,
  "view/ObjectNotFound.view.xml": 1626761305395,
  "i18n/i18n.properties": 1626253106739,
  "view/NotFound.view.xml": 1626761289571,
  "view/App.view.xml": 1626761283831,
  "test.html": 1626253106739
}