{
    "resources": [
        {
            "name": "controller/ErrorHandler.js"
        },
        {
            "name": "i18n/i18n_ar.properties",
            "raw": "i18n/i18n.properties",
            "locale": "_ar"
        },
        {
            "name": "libs/mapsjs-mapevents.js"
        },
        {
            "name": "model/models.js"
        },
        {
            "name": "model/formatter.js"
        },
        {
            "name": "libs/mapsjs-ui.js"
        },
        {
            "name": "libs/mapsjs-service.js"
        },
        {
            "name": "manifest.json"
        },
        {
            "name": "libs/mapsjs-core.js"
        },
        {
            "name": "controller/Worklist.controller.js"
        },
        {
            "name": "controller/Object.controller.js"
        },
        {
            "name": "controller/NotFound.controller.js"
        },
        {
            "name": "i18n/i18n.properties",
            "raw": "i18n/i18n.properties"
        },
        {
            "name": "controller/BaseController.js"
        },
        {
            "name": "controller/App.controller.js"
        },
        {
            "name": "Component.js"
        },
        {
            "name": "manifest-bundle.zip"
        },
        {
            "name": "Component-preload.js",
            "merged": true
        },
        {
            "name": "libs/mapsjs-core-dbg.js",
            "isDebug": true
        },
        {
            "name": "model/formatter-dbg.js",
            "isDebug": true
        },
        {
            "name": "libs/mapsjs-ui-dbg.js",
            "isDebug": true
        },
        {
            "name": "libs/mapsjs-service-dbg.js",
            "isDebug": true
        },
        {
            "name": "libs/mapsjs-mapevents-dbg.js",
            "isDebug": true
        },
        {
            "name": "model/models-dbg.js",
            "isDebug": true
        },
        {
            "name": "controller/Worklist-dbg.controller.js",
            "isDebug": true
        },
        {
            "name": "controller/Object-dbg.controller.js",
            "isDebug": true
        },
        {
            "name": "controller/NotFound-dbg.controller.js",
            "isDebug": true
        },
        {
            "name": "controller/ErrorHandler-dbg.js",
            "isDebug": true
        },
        {
            "name": "controller/BaseController-dbg.js",
            "isDebug": true
        },
        {
            "name": "controller/App-dbg.controller.js",
            "isDebug": true
        },
        {
            "name": "Component-dbg.js",
            "isDebug": true
        },
        {
            "name": "../../../../sap-ui-version.json"
        },
        {
            "name": "view/Worklist.view.xml"
        },
        {
            "name": "view/ObjectNotFound.view.xml"
        },
        {
            "name": "view/Object.view.xml"
        },
        {
            "name": "view/NotFound.view.xml"
        },
        {
            "name": "view/App.view.xml"
        },
        {
            "name": "dialog/Images.fragment.xml"
        },
        {
            "name": "dialog/HEREMaps.fragment.html"
        },
        {
            "name": "css/style.css"
        },
        {
            "name": "css/mapsjs-ui.css"
        }
    ]
}