{
  "resources.json": 1626955556828,
  "i18n/i18n_ar.properties": 1626253106707,
  "manifest.json": 1626955556825,
  "model/models.js": 1626253106711,
  "model/formatter.js": 1626762930796,
  "libs/mapsjs-ui.js": 1626253106711,
  "libs/mapsjs-service.js": 1626253106711,
  "libs/mapsjs-mapevents.js": 1626253106711,
  "libs/mapsjs-core.js": 1626253106711,
  "controller/Worklist.controller.js": 1626955278874,
  "controller/Object.controller.js": 1626955278866,
  "controller/NotFound.controller.js": 1626955278842,
  "controller/ErrorHandler.js": 1626955278786,
  "controller/BaseController.js": 1626955278786,
  "controller/App.controller.js": 1626955278766,
  "Component.js": 1626955278782,
  "manifest-bundle.zip": 1626955550286,
  "Component-preload.js": 1626955554320,
  "libs/mapsjs-core-dbg.js": 1626253106711,
  "model/formatter-dbg.js": 1626762930796,
  "libs/mapsjs-ui-dbg.js": 1626253106711,
  "libs/mapsjs-service-dbg.js": 1626253106711,
  "libs/mapsjs-mapevents-dbg.js": 1626253106711,
  "model/models-dbg.js": 1626253106711,
  "controller/Worklist-dbg.controller.js": 1626955278874,
  "controller/Object-dbg.controller.js": 1626955278866,
  "controller/NotFound-dbg.controller.js": 1626955278842,
  "controller/ErrorHandler-dbg.js": 1626955278786,
  "controller/BaseController-dbg.js": 1626955278786,
  "controller/App-dbg.controller.js": 1626955278766,
  "Component-dbg.js": 1626955278782,
  "i18n/i18n.properties": 1626253106707,
  "view/Worklist.view.xml": 1626955280150,
  "view/ObjectNotFound.view.xml": 1626955280146,
  "view/Object.view.xml": 1626955279386,
  "view/NotFound.view.xml": 1626955279378,
  "view/App.view.xml": 1626955279358,
  "dialog/Images.fragment.xml": 1626762972588,
  "dialog/HEREMaps.fragment.html": 1626253106707,
  "css/style.css": 1626253106707,
  "css/mapsjs-ui.css": 1626253106707,
  "test.html": 1626253106711
}