{
  "css/style.css": 1626253106707,
  "i18n/i18n.properties": 1629956818762,
  "controller/Worklist.controller.js": 1627012214685,
  "model/models.js": 1626253106711,
  "model/formatter.js": 1626762930796,
  "libs/mapsjs-ui.js": 1626253106711,
  "libs/mapsjs-service.js": 1626253106711,
  "libs/mapsjs-mapevents.js": 1626253106711,
  "libs/mapsjs-core.js": 1626253106711,
  "manifest.json": 1630399280692,
  "controller/Object.controller.js": 1629100729300,
  "controller/NotFound.controller.js": 1627012214681,
  "controller/ErrorHandler.js": 1627012214681,
  "controller/BaseController.js": 1627012214681,
  "controller/App.controller.js": 1627012214677,
  "Component.js": 1627012214677,
  "manifest-bundle.zip": 1630399275140,
  "Component-preload.js": 1630399278606,
  "libs/mapsjs-core-dbg.js": 1626253106711,
  "model/formatter-dbg.js": 1626762930796,
  "libs/mapsjs-ui-dbg.js": 1626253106711,
  "libs/mapsjs-service-dbg.js": 1626253106711,
  "libs/mapsjs-mapevents-dbg.js": 1626253106711,
  "model/models-dbg.js": 1626253106711,
  "controller/Worklist-dbg.controller.js": 1627012214685,
  "controller/Object-dbg.controller.js": 1629100729300,
  "controller/NotFound-dbg.controller.js": 1627012214681,
  "controller/ErrorHandler-dbg.js": 1627012214681,
  "controller/BaseController-dbg.js": 1627012214681,
  "controller/App-dbg.controller.js": 1627012214677,
  "Component-dbg.js": 1627012214677,
  "resources.json": 1630399280695,
  "view/Worklist.view.xml": 1627012214717,
  "view/ObjectNotFound.view.xml": 1627012214717,
  "view/Object.view.xml": 1629100504584,
  "view/NotFound.view.xml": 1627012214713,
  "view/App.view.xml": 1627012214713,
  "dialog/Images.fragment.xml": 1626762972588,
  "dialog/HEREMaps.fragment.html": 1626253106707,
  "i18n/i18n_ar.properties": 1629957142432,
  "css/mapsjs-ui.css": 1626253106707,
  "test.html": 1626253106711
}