{
  "controller/BaseController-dbg.js": 1626761367699,
  "i18n/i18n.properties": 1627551775843,
  "controller/ErrorHandler.js": 1626761389591,
  "model/models.js": 1626253106727,
  "model/formatter.js": 1626763298042,
  "libs/mapsjs-ui.js": 1626253106727,
  "libs/mapsjs-service.js": 1626253106727,
  "libs/mapsjs-mapevents.js": 1626253106727,
  "libs/mapsjs-core.js": 1626253106727,
  "controller/Worklist.controller.js": 1626974399375,
  "controller/Object.controller.js": 1626974399371,
  "controller/NotFound.controller.js": 1626761401168,
  "manifest.json": 1629981113071,
  "controller/BaseController.js": 1626761367699,
  "controller/App.controller.js": 1626761338835,
  "Component.js": 1626974399371,
  "manifest-bundle.zip": 1629981107046,
  "Component-preload.js": 1629981110942,
  "controller/Worklist-dbg.controller.js": 1626974399375,
  "model/formatter-dbg.js": 1626763298042,
  "libs/mapsjs-ui-dbg.js": 1626253106727,
  "libs/mapsjs-service-dbg.js": 1626253106727,
  "libs/mapsjs-mapevents-dbg.js": 1626253106727,
  "libs/mapsjs-core-dbg.js": 1626253106727,
  "model/models-dbg.js": 1626253106727,
  "controller/Object-dbg.controller.js": 1626974399371,
  "controller/NotFound-dbg.controller.js": 1626761401168,
  "controller/ErrorHandler-dbg.js": 1626761389591,
  "i18n/i18n_ar.properties": 1627552012275,
  "controller/App-dbg.controller.js": 1626761338835,
  "Component-dbg.js": 1626974399371,
  "resources.json": 1629981113074,
  "view/Worklist.view.xml": 1626761455420,
  "view/ObjectNotFound.view.xml": 1626761464380,
  "view/Object.view.xml": 1626761473252,
  "view/NotFound.view.xml": 1626761479076,
  "view/App.view.xml": 1626761442572,
  "css/style.css": 1626253106723,
  "css/mapsjs-ui.css": 1626253106723,
  "dialog/HEREMaps.fragment.html": 1626253106723,
  "test.html": 1626253106727
}