{
  "dialog/Images.fragment.xml": 1626762972588,
  "i18n/i18n_ar.properties": 1626253106707,
  "model/formatter.js": 1626762930796,
  "model/models.js": 1626253106711,
  "manifest.json": 1626874339097,
  "libs/mapsjs-ui.js": 1626253106711,
  "libs/mapsjs-service.js": 1626253106711,
  "libs/mapsjs-mapevents.js": 1626253106711,
  "libs/mapsjs-core.js": 1626253106711,
  "controller/Worklist.controller.js": 1626761555244,
  "controller/Object.controller.js": 1626761579013,
  "controller/NotFound.controller.js": 1626761599577,
  "controller/ErrorHandler.js": 1626761532820,
  "controller/BaseController.js": 1626761519048,
  "controller/App.controller.js": 1626761506004,
  "Component.js": 1626253106707,
  "manifest-bundle.zip": 1626874331264,
  "Component-preload.js": 1626874336218,
  "libs/mapsjs-ui-dbg.js": 1626253106711,
  "model/formatter-dbg.js": 1626762930796,
  "model/models-dbg.js": 1626253106711,
  "libs/mapsjs-service-dbg.js": 1626253106711,
  "libs/mapsjs-mapevents-dbg.js": 1626253106711,
  "libs/mapsjs-core-dbg.js": 1626253106711,
  "controller/Worklist-dbg.controller.js": 1626761555244,
  "controller/Object-dbg.controller.js": 1626761579013,
  "controller/NotFound-dbg.controller.js": 1626761599577,
  "controller/ErrorHandler-dbg.js": 1626761532820,
  "controller/BaseController-dbg.js": 1626761519048,
  "controller/App-dbg.controller.js": 1626761506004,
  "Component-dbg.js": 1626253106707,
  "resources.json": 1626874339104,
  "view/Worklist.view.xml": 1626253106715,
  "view/ObjectNotFound.view.xml": 1626253106715,
  "view/Object.view.xml": 1626253106715,
  "view/NotFound.view.xml": 1626253106715,
  "view/App.view.xml": 1626253106715,
  "i18n/i18n.properties": 1626253106707,
  "dialog/HEREMaps.fragment.html": 1626253106707,
  "css/style.css": 1626253106707,
  "css/mapsjs-ui.css": 1626253106707,
  "test.html": 1626253106711
}