{
  "libs/mapsjs-clustering-dbg.js": 1626253106675,
  "i18n/i18n_ar.properties": 1626253106675,
  "model/models.js": 1626253106679,
  "manifest.json": 1626875842010,
  "model/formatter.js": 1626253106679,
  "libs/mapsjs-ui.js": 1626253106679,
  "libs/mapsjs-service.js": 1626253106679,
  "libs/mapsjs-mapevents.js": 1626253106679,
  "libs/mapsjs-data.js": 1626253106679,
  "libs/mapsjs-core.js": 1626253106679,
  "libs/mapsjs-clustering.js": 1626253106675,
  "controller/Worklist.controller.js": 1626759904543,
  "controller/Object.controller.js": 1626759924971,
  "controller/NotFound.controller.js": 1626759937327,
  "controller/ErrorHandler.js": 1626759944987,
  "controller/BaseController.js": 1626759952631,
  "controller/App.controller.js": 1626759969427,
  "Component.js": 1626253106675,
  "manifest-bundle.zip": 1626875835561,
  "Component-preload.js": 1626875839729,
  "model/models-dbg.js": 1626253106679,
  "model/formatter-dbg.js": 1626253106679,
  "libs/mapsjs-ui-dbg.js": 1626253106679,
  "libs/mapsjs-service-dbg.js": 1626253106679,
  "libs/mapsjs-mapevents-dbg.js": 1626253106679,
  "libs/mapsjs-data-dbg.js": 1626253106679,
  "libs/mapsjs-core-dbg.js": 1626253106679,
  "i18n/i18n.properties": 1626253106675,
  "controller/Worklist-dbg.controller.js": 1626759904543,
  "controller/Object-dbg.controller.js": 1626759924971,
  "controller/NotFound-dbg.controller.js": 1626759937327,
  "controller/ErrorHandler-dbg.js": 1626759944987,
  "controller/BaseController-dbg.js": 1626759952631,
  "controller/App-dbg.controller.js": 1626759969427,
  "Component-dbg.js": 1626253106675,
  "view/Worklist.view.xml": 1626760007632,
  "view/ObjectNotFound.view.xml": 1626760055744,
  "view/Object.view.xml": 1626760044988,
  "view/NotFound.view.xml": 1626760028828,
  "view/App.view.xml": 1626760018516,
  "dialog/Notifications.fragment.xml": 1626253106675,
  "dialog/CategoryChart.fragment.xml": 1626253106675,
  "css/wheelchair_1.svg": 1626253106675,
  "css/wheelchair.svg": 1626253106675,
  "css/triangle.svg": 1626253106675,
  "css/style.css": 1626253106675,
  "css/mapsjs-ui.css": 1626253106675,
  "test.html": 1626253106679,
  "extended_runnable_file.html": 1626253106675
}