{
  "view/PODCategoryDialog.fragment.xml": 1626253106695,
  "i18n/i18n.properties": 1626253106695,
  "manifest.json": 1631189663737,
  "model/models.js": 1626253106695,
  "model/formatter.js": 1626253106695,
  "controller/Worklist.controller.js": 1626760717252,
  "controller/Object.controller.js": 1626760690315,
  "controller/NotFound.controller.js": 1626760677707,
  "controller/ErrorHandler.js": 1626760667063,
  "controller/BaseController.js": 1626760648407,
  "controller/App.controller.js": 1626760635091,
  "Component.js": 1626974399327,
  "manifest-bundle.zip": 1631189662911,
  "Component-preload.js": 1631189663555,
  "controller/NotFound-dbg.controller.js": 1626760677707,
  "model/formatter-dbg.js": 1626253106695,
  "controller/Worklist-dbg.controller.js": 1626760717252,
  "controller/Object-dbg.controller.js": 1626760690315,
  "model/models-dbg.js": 1626253106695,
  "controller/ErrorHandler-dbg.js": 1626760667063,
  "controller/BaseController-dbg.js": 1626760648407,
  "controller/App-dbg.controller.js": 1626760635091,
  "Component-dbg.js": 1626974399327,
  "resources.json": 1631189663742,
  "view/Worklist.view.xml": 1626760738920,
  "view/SpecialityDialog.fragment.xml": 1626253106695,
  "i18n/i18n_ar.properties": 1626253106695,
  "view/ObjectNotFound.view.xml": 1626760756664,
  "view/Object.view.xml": 1626955401363,
  "view/NotFound.view.xml": 1626760779136,
  "view/MessageDialog.fragment.xml": 1626253106695,
  "view/CommentDialog.fragment.xml": 1626253106695,
  "view/App.view.xml": 1626760797936,
  "css/style.css": 1626253106695,
  "test.html": 1627373095405
}