{
  "libs/mapsjs-mapevents.js": 1626253106667,
  "i18n/i18n_ar.properties": 1626253106659,
  "libs/mapsjs-ui.js": 1626253106671,
  "model/models.js": 1626253106671,
  "model/formatter.js": 1626253106671,
  "manifest.json": 1626875799078,
  "libs/mapsjs-service.js": 1626253106671,
  "i18n/i18n.properties": 1626253106659,
  "libs/mapsjs-core.js": 1626253106667,
  "controller/Worklist.controller.js": 1626253106659,
  "controller/Object.controller.js": 1626253106659,
  "controller/NotFound.controller.js": 1626253106655,
  "controller/ErrorHandler.js": 1626253106655,
  "controller/BaseController.js": 1626253106655,
  "controller/App.controller.js": 1626253106655,
  "Component.js": 1626253106655,
  "manifest-bundle.zip": 1626875792916,
  "Component-preload.js": 1626875797022,
  "Component-dbg.js": 1626253106655,
  "model/formatter-dbg.js": 1626253106671,
  "libs/mapsjs-ui-dbg.js": 1626253106671,
  "libs/mapsjs-service-dbg.js": 1626253106671,
  "libs/mapsjs-mapevents-dbg.js": 1626253106667,
  "libs/mapsjs-core-dbg.js": 1626253106667,
  "controller/Worklist-dbg.controller.js": 1626253106659,
  "controller/Object-dbg.controller.js": 1626253106659,
  "controller/NotFound-dbg.controller.js": 1626253106655,
  "controller/ErrorHandler-dbg.js": 1626253106655,
  "controller/BaseController-dbg.js": 1626253106655,
  "controller/App-dbg.controller.js": 1626253106655,
  "model/models-dbg.js": 1626253106671,
  "resources.json": 1626875799082,
  "view/Worklist.view.xml": 1626253106675,
  "view/StartAssignment.fragment.xml": 1626253106675,
  "view/PODCategoryDialog.fragment.xml": 1626253106675,
  "view/ObjectNotFound.view.xml": 1626253106675,
  "view/Object.view.xml": 1626253106675,
  "view/NotFound.view.xml": 1626253106675,
  "view/MobileNumberDialog.fragment.xml": 1626253106675,
  "view/MessageDialog.fragment.xml": 1626253106675,
  "view/Dialog.fragment.xml": 1626253106675,
  "view/CommentDialog.fragment.xml": 1626253106675,
  "view/App.view.xml": 1626253106675,
  "dialog/HEREMaps.fragment.html": 1626253106659,
  "css/style.css": 1626253106659,
  "css/mapsjs-ui.css": 1626253106659,
  "test.html": 1626253106671
}