{
  "Component-preload.js": 1626955585600,
  "i18n/i18n_ar.properties": 1626253106715,
  "controller/App.controller.js": 1626761727653,
  "model/models.js": 1626253106719,
  "model/formatter.js": 1626763337131,
  "libs/mapsjs-ui.js": 1626253106719,
  "libs/mapsjs-service.js": 1626253106719,
  "libs/mapsjs-mapevents.js": 1626253106719,
  "libs/mapsjs-core.js": 1626253106719,
  "controller/Worklist.controller.js": 1626761863698,
  "controller/Object.controller.js": 1626954225645,
  "controller/NotFound.controller.js": 1626761789482,
  "controller/ErrorHandler.js": 1626761780490,
  "controller/BaseController.js": 1626761738273,
  "manifest.json": 1626955587958,
  "Component.js": 1626954225645,
  "manifest-bundle.zip": 1626955581744,
  "i18n/i18n.properties": 1626253106715,
  "libs/mapsjs-mapevents-dbg.js": 1626253106719,
  "model/formatter-dbg.js": 1626763337131,
  "libs/mapsjs-ui-dbg.js": 1626253106719,
  "libs/mapsjs-service-dbg.js": 1626253106719,
  "model/models-dbg.js": 1626253106719,
  "libs/mapsjs-core-dbg.js": 1626253106719,
  "controller/Worklist-dbg.controller.js": 1626761863698,
  "controller/Object-dbg.controller.js": 1626954225645,
  "controller/NotFound-dbg.controller.js": 1626761789482,
  "controller/ErrorHandler-dbg.js": 1626761780490,
  "controller/BaseController-dbg.js": 1626761738273,
  "controller/App-dbg.controller.js": 1626761727653,
  "Component-dbg.js": 1626954225645,
  "resources.json": 1626955587963,
  "view/Worklist.view.xml": 1626761903002,
  "view/ObjectNotFound.view.xml": 1626761908414,
  "view/Object.view.xml": 1626761917434,
  "view/NotFound.view.xml": 1626761889038,
  "view/App.view.xml": 1626761880162,
  "dialog/details.fragment.xml": 1626253106715,
  "dialog/Service.fragment.xml": 1626253106715,
  "dialog/Images.fragment.xml": 1626253106715,
  "dialog/HEREMaps.fragment.html": 1626253106715,
  "css/style.css": 1626253106715,
  "css/mapsjs-ui.css": 1626253106715,
  "test.html": 1626253106719
}