<core:FragmentDefinition xmlns="sap.m" xmlns:core="sap.ui.core">
	<Dialog  title="{=  ${worklistView>/sDialog} === 'I' ?  ${i18n>colImage} : ${i18n>colPlan}  }" class="sapUiResponsiveContentPadding"  contentWidth="auto" contentHeight="auto" afterOpen="bindDialog" >
		<Carousel visible="{worklistView>/bImages}" class="sapUiContentPadding" loop="true">
		</Carousel>
		<BusyIndicator visible="{worklistView>/bLoadingImages}" />
		<Title text="{i18n>TxtNoImagesFound}" visible="{= !(${worklistView>/bImages}) &amp;&amp; !(${worklistView>/bLoadingImages}) }"  />
		<buttons>
			<Button press="onCancelImage"  text="{i18n>btnClose}"/>
		</buttons>
	</Dialog>
</core:FragmentDefinition>