<core:FragmentDefinition xmlns="sap.m" xmlns:core="sap.ui.core" xmlns:l="sap.ui.layout" xmlns:u="sap.ui.unified"
	xmlns:html="http://www.w3.org/1999/xhtml">
	<Dialog id="detailsDialog" title="{worklistView>/opMode} {worklistView>/sDialogTitle}" class="sapUiResponsiveContentPadding"
		binding="{worklistView>/oEditData}">
		<l:Grid visible="{worklistView>/bEditOptions/Facility}" defaultSpan="XL12 L12 M12 S12" defaultIndent="XL0 L0 M1 S1">
			<VBox width="100%">
				<Label required="true" text="{i18n>colFacilityType}"/>
				<Input value="{worklistView>FacilityType}"/>
			</VBox>
		</l:Grid>
		<l:Grid visible="{worklistView>/bEditOptions/Relationship}" defaultSpan="XL12 L12 M12 S12" defaultIndent="XL0 L0 M1 S1">
			<VBox>
				<Label required="true" text="{i18n>colRelationship}"/>
				<Input value="{worklistView>Relationship}"/>
			</VBox>
		</l:Grid>
		<l:Grid visible="{worklistView>/bEditOptions/FAQ}" defaultSpan="XL6 L6 M6 S12" defaultIndent="XL0 L0 M1 S1">
			<VBox>
				<Label required="true" text="{i18n>colFaqCategory}"/>
				<Input value="{worklistView>FaqCategory}"/>
			</VBox>
			<VBox>
				<Label text="{i18n>colIcon}"/>
				<Image width="5rem" class="sapUiTinyMargin" height="5rem"
					src="{ parts : [{path : 'worklistView>__metadata'}, { path : 'worklistView>/oImage' } ] , formatter : '.formatter.giveImage' }"/>
				<u:FileUploader maximumFileSize="2" fileAllowed="onUpload" tooltip="{i18n>btnChangeImage}" buttonOnly="true"
					buttonText="{i18n>btnChangeImage}"/>
			</VBox>
		</l:Grid>
		<l:Grid visible="{worklistView>/bEditOptions/Event}" hSpacing="2" defaultSpan="XL5 L5 M5 S12" defaultIndent="XL0 L0 M1 S1">
			<VBox>
				<Label required="true" text="{i18n>colEventAttractionType}"/>
				<Input value="{worklistView>EventAttractionType}"/>
			</VBox>
			<VBox>
				<Label text="{i18n>colDescription}"/>
				<Input value="{worklistView>Description}"/>
			</VBox>
			<VBox>
				<Label text="{i18n>colBuilding}"/>
				<CheckBox selected="{worklistView>IsBuilding}"/>
			</VBox>
			<VBox>
				<Label text="{i18n>colCategory}"/>
				<CheckBox selected="{worklistView>IsCategory}"/>
			</VBox>
			<VBox>
				<Label text="{i18n>colTheme}"/>
				<CheckBox selected="{worklistView>IsTheme}"/>
			</VBox>
			<VBox>
				<Label text="{i18n>colImage}"/>
				<Image width="5rem" class="sapUiTinyMargin" height="5rem"
					src="{ parts : [{path : 'worklistView>__metadata'}, { path : 'worklistView>/oImage' } ] , formatter : '.formatter.giveImage' }"/>
				<u:FileUploader maximumFileSize="2" fileAllowed="onUpload" tooltip="{i18n>btnChangeImage}" buttonOnly="true"
					buttonText="{i18n>btnChangeImage}"/>
			</VBox>
		</l:Grid>
		<l:Grid visible="{worklistView>/bEditOptions/Navigation}" hSpacing="2" defaultSpan="XL5 L5 M5 S12" defaultIndent="XL0 L0 M1 S1">
			<VBox>
				<Label required="true" text="{i18n>colNavigationGroupId}"/>
				<Select selectedKey="{ path: 'worklistView>NavigationGroupId', type : 'sap.ui.model.type.Integer' }" change="onChangeNavId">
					<core:Item key="0" text="{i18n>litmEventAttaction}"/>
					<core:Item key="1" text="{i18n>litmFacility}"/>
				</Select>
			</VBox>
			<VBox>
				<Label required="true" text="{i18n>colNavigationTypeName}"/>
				<Input value="{worklistView>NavigationTypeName}"/>
			</VBox>
			<VBox>
				<Label text="{i18n>colIcon}"/>
				<Image width="5rem" class="sapUiTinyMargin" height="5rem"
					src="{ parts : [{path : 'worklistView>__metadata'}, { path : 'worklistView>/oImage' } ] , formatter : '.formatter.giveImage' }"/>
				<u:FileUploader maximumFileSize="2" fileAllowed="onUpload" tooltip="{i18n>btnChangeImage}" buttonOnly="true"
					buttonText="{i18n>btnChangeImage}"/>
			</VBox>
		</l:Grid>
		<l:Grid visible="{worklistView>/bEditOptions/Building}" hSpacing="2" defaultSpan="XL5 L5 M5 S12" defaultIndent="XL0 L0 M1 S1">
			<VBox>
				<Label required="true" text="{i18n>colBuildingName}"/>
				<Input value="{worklistView>BuildingName}"/>
			</VBox>
			<VBox>
				<Label required="true" text="{i18n>colCoordinates}"/>
				<Input width="200%" description="{i18n>colLatitude}" value="{worklistView>Latitude}" showValueHelp="true" valueHelpRequest="onMap" textDirection="LTR"/>
				<Input width="200%" description="{i18n>colLongitude}" value="{worklistView>Longitude}" showValueHelp="true" valueHelpRequest="onMap" textDirection="LTR"/>
			</VBox>
		</l:Grid>
		<l:Grid visible="{worklistView>/bEditOptions/Theme}" hSpacing="2" defaultSpan="XL12 L12 M12 S12" defaultIndent="XL0 L0 M1 S1">
			<VBox>
				<Label required="true" text="{i18n>colTheme}"/>
				<Input value="{worklistView>Theme}"/>
			</VBox>
		</l:Grid>
		<l:Grid visible="{worklistView>/bEditOptions/Category}" hSpacing="2" defaultSpan="XL12 L12 M12 S12" defaultIndent="XL0 L0 M1 S1">
			<VBox>
				<Label required="true" text="{i18n>colCategory}"/>
				<Input value="{worklistView>Category}"/>
			</VBox>
		</l:Grid>
		<l:Grid visible="{worklistView>/bEditOptions/Speciality}" hSpacing="2" defaultSpan="XL12 L12 M12 S12" defaultIndent="XL0 L0 M1 S1">
			<VBox>
				<Label required="true" text="{i18n>colSpeciality}"/>
				<Input value="{worklistView>Speciality}"/>
			</VBox>
		</l:Grid>
		<buttons>
			<Button text="{i18n>btnCancel}" press="onClose"/>
			<Button text="{i18n>btnSave}" visible="{= ${worklistView>/bEditOptions/Service} === false }" type="Emphasized" press="onSave"/>
			<Button text="{i18n>btnDone}" visible="{= ${worklistView>/bEditOptions/Service} === true }" type="Emphasized" press="onDone"/>
		</buttons>
	</Dialog>
</core:FragmentDefinition>