<core:FragmentDefinition xmlns="sap.m" xmlns:core="sap.ui.core" xmlns:l="sap.ui.layout" xmlns:u="sap.ui.unified"
	xmlns:html="http://www.w3.org/1999/xhtml">
	<Dialog id="detailsChildDialog" title="{= ${objectView>/sChildMode} === 'C' ? ${i18n>TtlAddChild} : ${i18n>TtlEditChild} }"
		class="sapUiResponsiveContentPadding" binding="{objectView>/oServiceData}">
		<l:Grid hSpacing="2" defaultSpan="XL5 L5 M5 S12" defaultIndent="XL0 L0 M1 S1">
			<VBox>
				<Label required="true" text="{i18n>colServiceType}"/>
				<Input value="{objectView>ServiceType}" required="true"/>
			</VBox>
			<VBox>
				<Label required="true" text="{i18n>colServiceMessage}"/>
				<Input value="{objectView>ServiceMessage}"/>
			</VBox>
			<VBox visible="{= ${objectView>/loggedInLanguage} !== ${objectView>/languageAr} }">
				<Label text="{i18n>colContactNumber}"/>
				<Input id="mobileDetailInputEn" value="{objectView>ContactNumber}" type="Tel" change="onMobileValidate"/>
			</VBox>
			<VBox visible="{= ${objectView>/loggedInLanguage} === ${objectView>/languageAr} }">
				<Label text="{i18n>colContactNumber}"/>
				<Input id="mobileDetailInputAr" value="{objectView>ContactNumber}" type="Tel" change="onMobileValidate" textDirection="LTR" textAlign="Right"/>
			</VBox>
			<VBox>
				<Label text="{i18n>colIsCancelable}"/>
				<Switch state="{objectView>IsCancelable}" customTextOn="Yes" customTextOff="No">
					<layoutData>
						<FlexItemData growFactor="1"/>
					</layoutData>
				</Switch>
			</VBox>
			<VBox>
				<Label required="true" text="{i18n>colIncidentTypeId}"/>
				<!--"{ path: 'objectView>IncidentTypeId', type : 'sap.ui.model.odata.type.Int32' }"-->
				<Select selectedKey="{objectView>IncidentTypeId}" items="{path: '/MasterIncidentTypeSet'}">
					<core:Item key="{Id}" text="{IncidentType}"/>
				</Select>
			</VBox>
			<VBox>
				<Label text="{i18n>colNavigationId}"/>
				<!--path: 'objectView>NavigationId', type : 'sap.ui.model.odata.type.Int32' -->
				<ComboBox selectedKey="{objectView>NavigationId}" items="{path : '/MasterNavigationTypeSet'}">
					<core:Item key="{Id}" text="{NavigationTypeName}"/>
				</ComboBox>
			</VBox>
			<VBox>
				<Label text="{i18n>colIcon}"/>
				<Image width="5rem" class="sapUiTinyMargin" height="5rem"
					src="{ parts : [{path : 'objectView>__metadata'}, { path : 'objectView>/oImage' } ] , formatter : '.formatter.giveImage' }"/>
				<u:FileUploader maximumFileSize="2" fileAllowed="onUpload" tooltip="{i18n>btnChangeImage}" buttonOnly="true"
					buttonText="{i18n>btnChangeImage}"/>
			</VBox>
		</l:Grid>
		<buttons>
			<Button text="{i18n>btnCancel}" press="onClose"/>
			<Button text="{i18n>btnSave}" type="Emphasized" press="onSaveChild"/>
		</buttons>
	</Dialog>
</core:FragmentDefinition>