{
  "model/formatter-dbg.js": 1626763199986,
  "i18n/i18n_ar.properties": 1626253106687,
  "manifest.json": 1627898178125,
  "model/models.js": 1626253106687,
  "model/formatter.js": 1626763199986,
  "controller/Worklist.controller.js": 1627295167314,
  "controller/NotFound.controller.js": 1626760507170,
  "controller/ErrorHandler.js": 1626946197213,
  "controller/BaseController.js": 1626760489278,
  "controller/App.controller.js": 1626760477118,
  "Component.js": 1626946094900,
  "manifest-bundle.zip": 1627898177776,
  "Component-preload.js": 1627898178034,
  "controller/ErrorHandler-dbg.js": 1626946197213,
  "i18n/i18n.properties": 1626253106687,
  "controller/Worklist-dbg.controller.js": 1627295167314,
  "controller/NotFound-dbg.controller.js": 1626760507170,
  "model/models-dbg.js": 1626253106687,
  "controller/BaseController-dbg.js": 1626760489278,
  "controller/App-dbg.controller.js": 1626760477118,
  "Component-dbg.js": 1626946094900,
  "resources.json": 1627898178129,
  "view/Worklist.view.xml": 1626760579623,
  "view/ObjectNotFound.view.xml": 1626760567123,
  "view/NotFound.view.xml": 1626760559755,
  "view/App.view.xml": 1626760550947,
  "dialog/AddOption.fragment.xml": 1626253106687,
  "css/style.css": 1626253106687,
  "controller/.eslintrc": 1627299552295,
  "test.html": 1626253106687
}